"method","estimator_family","n_contrasts","mean_stop_voicing","mean_fricative_place","mean_difference_fricative_minus_stop","max_stop_voicing","min_fricative_place","all_fricatives_above_all_stops","spearman_with_expected_sep","pearson_with_expected_sep","pattern_holds"
"empirical_quantile_binned","empirical_discrete",6,0.0625058702405596,0.842017850428772,0.779511980188212,0.0663186343966704,0.737977286757496,TRUE,0.87831006565368,0.991104403316273,TRUE
"gaussian_mixture","gaussian_mixture",6,0.0453128532285411,0.427237302906262,0.381924449677721,0.052194680443645,0.234645856540736,TRUE,0.87831006565368,0.88824781487571,TRUE
"histogram_equal_width","binned_histogram",6,0.0647059910142809,0.562640032875697,0.497934041861416,0.072183649371981,0.395496825467276,TRUE,0.87831006565368,0.945022917643682,TRUE
"kde","kernel_density",6,0.0265743525089067,0.97418502886306,0.947610676354154,0.0313614128365029,0.946255155495332,TRUE,0.87831006565368,0.999532410954767,TRUE
